interaction,factors,coefficient,p_value,r2_change,model_r2,model_adj_r2,aic
文化保持×家庭支持×家庭沟通频率×社会联结感,"('文化保持', '家庭支持', '家庭沟通频率', '社会联结感')",-0.5269446497141534,0.00490707583143023,0.09117012280644665,0.7642046291068428,0.6993609021112246,478.96893364033446
文化保持×自主权×社会联结感×来港时长,"('文化保持', '自主权', '社会联结感', '来港时长')",-1.3188406202046636,0.005998284609966454,0.055733301417786985,0.7287678077181832,0.6541789548406836,493.3900558986111
文化保持×社会保持×家庭支持×社会联结感,"('文化保持', '社会保持', '家庭支持', '社会联结感')",-0.5126963629261093,0.008871449125922115,0.0557309060134622,0.7287654123138584,0.6541759007001695,493.3909655456331
社会保持×家庭支持×家庭沟通频率×自主权,"('社会保持', '家庭支持', '家庭沟通频率', '自主权')",0.4724444695926945,0.01086600247279014,0.07997271813180151,0.7530072244321977,0.685084211151052,483.74759094081935
社会接触×家庭沟通频率×自主权×开放性,"('社会接触', '家庭沟通频率', '自主权', '开放性')",0.7447653794096265,0.01120903381870634,0.07562036078349377,0.74865486708389,0.6795349555319596,485.5467886262019
社会接触×家庭支持×家庭沟通频率×开放性,"('社会接触', '家庭支持', '家庭沟通频率', '开放性')",0.8902854872000171,0.011676402199310073,0.08163418918630472,0.7546686954867009,0.6872025867455437,483.0523896487798
社会接触×沟通坦诚度×自主权×开放性,"('社会接触', '沟通坦诚度', '自主权', '开放性')",0.7610145862421093,0.012932143879312286,0.08818854818619593,0.7612230544865921,0.6955593944704049,480.26317780918464
文化保持×家庭支持×自主权×开放性,"('文化保持', '家庭支持', '自主权', '开放性')",-0.8035844202135882,0.0161835264813465,0.05182323741389516,0.7248577437142913,0.6491936232357215,494.8642956581434
文化保持×社会保持×家庭支持×自主权,"('文化保持', '社会保持', '家庭支持', '自主权')",0.39057107959415127,0.02212991223000151,0.043015468316737415,0.7160499746171336,0.6379637176368453,498.10982526836426
社会保持×家庭支持×家庭沟通频率×社会联结感,"('社会保持', '家庭支持', '家庭沟通频率', '社会联结感')",-0.33886281535940876,0.02366369850968019,0.05496969394124229,0.7280042002416385,0.6532053553080891,493.67962721319907
社会接触×自主权×开放性×来港时长,"('社会接触', '自主权', '开放性', '来港时长')",-1.0049841343731365,0.025187021051589313,0.09400991077268439,0.7670444170730806,0.7029816317681777,477.72092876003853
文化保持×社会接触×自主权×社会联结感,"('文化保持', '社会接触', '自主权', '社会联结感')",-0.34361135892256933,0.03184062046221304,0.053381077980580116,0.7264155842809763,0.6511798699582447,494.27945800525777
社会接触×自主权×社会联结感×开放性,"('社会接触', '自主权', '社会联结感', '开放性')",0.6813595731417935,0.03547708833084205,0.045276627100786504,0.7183111334011827,0.6408466950865079,497.2863295764407
社会接触×家庭支持×自主权×开放性,"('社会接触', '家庭支持', '自主权', '开放性')",0.5197679088065187,0.036186503926413524,0.06635628335043309,0.7393907896508293,0.6677232568048073,489.27487164301255
社会保持×家庭沟通频率×自主权×来港时长,"('社会保持', '家庭沟通频率', '自主权', '来港时长')",0.75046947665782,0.03657232686544444,0.05600620892142272,0.7290407152218189,0.6545269119078192,493.28636752858813
文化保持×文化接触×社会接触×自主权,"('文化保持', '文化接触', '社会接触', '自主权')",-0.4508075876785166,0.037794140911812435,0.05760225766321947,0.7306367639636157,0.65656187405361,492.677866153179
社会保持×社会接触×家庭支持×社会联结感,"('社会保持', '社会接触', '家庭支持', '社会联结感')",-0.3010435089877522,0.039403301408942375,0.06862338856644268,0.7416578948668389,0.6706138159552195,488.37492856235406
文化保持×社会接触×家庭支持×社会联结感,"('文化保持', '社会接触', '家庭支持', '社会联结感')",-0.3153682342597461,0.0453609628704057,0.06922575404198317,0.7422602603423794,0.6713818319365337,488.13448735024156
社会接触×社会联结感×开放性×来港时长,"('社会接触', '社会联结感', '开放性', '来港时长')",-0.9467125647993264,0.04544293969637478,0.07146179450460832,0.7444963008050045,0.6742327835263808,487.23700437278796
文化保持×社会接触×自主权×开放性,"('文化保持', '社会接触', '自主权', '开放性')",0.5448123140111751,0.045607667059760486,0.0681982624433114,0.7412327687437076,0.6700717801482272,488.54428539838966
社会保持×社会接触×自主权×开放性,"('社会保持', '社会接触', '自主权', '开放性')",0.6467256687887938,0.0487394253739868,0.0686495527308223,0.7416840590312185,0.6706471752648036,488.3644964827466
社会接触×沟通坦诚度×社会联结感×来港时长,"('社会接触', '沟通坦诚度', '社会联结感', '来港时长')",-0.9084613221524618,0.0500315637564603,0.07495483847889606,0.7479893447792922,0.6786864145935976,485.819155961329
文化保持×家庭支持×自主权×来港时长,"('文化保持', '家庭支持', '自主权', '来港时长')",1.0504790944815223,0.055300556578476164,0.06745242780172478,0.740486934102121,0.6691208409802043,488.84073124645454
社会保持×文化接触×社会联结感×来港时长,"('社会保持', '文化接触', '社会联结感', '来港时长')",1.5709675280040574,0.060814645193460456,0.038793910242120755,0.7118284165425169,0.6325812310917092,499.6298810281478
社会接触×家庭沟通频率×社会联结感×来港时长,"('社会接触', '家庭沟通频率', '社会联结感', '来港时长')",-0.9108515809578326,0.06113279352984444,0.053922621366272905,0.7269571276666691,0.6518703377750031,494.07537383970555
社会接触×家庭沟通频率×自主权×社会联结感,"('社会接触', '家庭沟通频率', '自主权', '社会联结感')",-0.267316800459895,0.06277704328040505,0.06025437758514074,0.7332888838855369,0.6599433269540596,491.6587143151452
社会保持×社会接触×家庭支持×家庭沟通频率,"('社会保持', '社会接触', '家庭支持', '家庭沟通频率')",-0.2697774823118369,0.06383652668156078,0.0558393030568729,0.7288738093572691,0.6543141069305181,493.3497940742949
文化保持×社会保持×家庭沟通频率×社会联结感,"('文化保持', '社会保持', '家庭沟通频率', '社会联结感')",-0.34918464602071886,0.06945341785705393,0.04306383403364,0.7160983403340362,0.6380253839258961,498.09227959936595
社会接触×沟通坦诚度×自主权×社会联结感,"('社会接触', '沟通坦诚度', '自主权', '社会联结感')",-0.25597961556306703,0.0703508011331771,0.08081426958146909,0.7538487758818653,0.6861571892493783,483.39605109236675
社会保持×社会接触×自主权×来港时长,"('社会保持', '社会接触', '自主权', '来港时长')",-1.3084230190627255,0.07246794300537385,0.07724828896952318,0.7502827952699194,0.6816105639691472,484.87750187065103
文化保持×沟通坦诚度×自主权×来港时长,"('文化保持', '沟通坦诚度', '自主权', '来港时长')",0.7252453050247698,0.07319671236225059,0.052598996599794834,0.725633502900191,0.6501827161977436,494.57347863753193
社会接触×家庭支持×开放性×来港时长,"('社会接触', '家庭支持', '开放性', '来港时长')",-0.7088285224312671,0.07658704870615962,0.07474969061144054,0.7477841969118367,0.6784248510625919,485.9029684275954
社会接触×自主权×社会联结感×来港时长,"('社会接触', '自主权', '社会联结感', '来港时长')",-0.7183479673960562,0.0776357403242609,0.08357714528565086,0.756611651586047,0.6896798557722099,482.2334107867871
文化接触×家庭支持×沟通坦诚度×自主权,"('文化接触', '家庭支持', '沟通坦诚度', '自主权')",0.29498987019584555,0.07784215436954788,0.0554253187376772,0.7284598250380734,0.6537862769235436,493.5069454875817
社会保持×沟通坦诚度×自主权×来港时长,"('社会保持', '沟通坦诚度', '自主权', '来港时长')",0.5156540889884729,0.07843038440062247,0.04329021762181884,0.716324723922215,0.6383140230008242,498.0101144888743
家庭支持×社会联结感×开放性×来港时长,"('家庭支持', '社会联结感', '开放性', '来港时长')",-0.6414096777904763,0.08096555858555958,0.057781804555068206,0.7308163108554644,0.6567907963407171,492.6091875304596
文化保持×家庭沟通频率×沟通坦诚度×社会联结感,"('文化保持', '家庭沟通频率', '沟通坦诚度', '社会联结感')",-0.2803077325872035,0.08173229429333735,0.038712243335423446,0.7117467496358196,0.6324771057856701,499.65906676391955
文化保持×社会保持×社会接触×沟通坦诚度,"('文化保持', '社会保持', '社会接触', '沟通坦诚度')",-0.3022063663965807,0.08717119882059134,0.04656231764304919,0.7195968239434454,0.6424859505278928,496.8151385730094
文化保持×社会接触×沟通坦诚度×社会联结感,"('文化保持', '社会接触', '沟通坦诚度', '社会联结感')",-0.2852941829591862,0.08751736400088607,0.06532398555776209,0.7383584918581583,0.6664070771191518,489.6820584877837
文化接触×家庭支持×自主权×来港时长,"('文化接触', '家庭支持', '自主权', '来港时长')",-0.8189858267217345,0.08919927369255436,0.06201137435694193,0.7350458806573381,0.662183497838106,490.97794260306466
社会保持×家庭沟通频率×沟通坦诚度×社会联结感,"('社会保持', '家庭沟通频率', '沟通坦诚度', '社会联结感')",-0.2567652688359171,0.08941098851098654,0.03458123708859362,0.7076157433889898,0.627210072820962,501.12470002971907
社会接触×家庭支持×自主权×来港时长,"('社会接触', '家庭支持', '自主权', '来港时长')",-0.691476806377335,0.09179651460743748,0.0748929881224829,0.7479274944228791,0.6786075553891708,485.8444318968807
文化保持×社会保持×自主权×来港时长,"('文化保持', '社会保持', '自主权', '来港时长')",0.6460981424326602,0.09181666974315282,0.05650071954691227,0.7295352258473085,0.6551574129553184,493.09821701052863
文化保持×家庭支持×沟通坦诚度×社会联结感,"('文化保持', '家庭支持', '沟通坦诚度', '社会联结感')",-0.2496261896671761,0.0943150786786735,0.07344603017418794,0.7464805364745841,0.6767626840050948,486.43398665518464
文化保持×社会接触×家庭沟通频率×开放性,"('文化保持', '社会接触', '家庭沟通频率', '开放性')",0.557867886467926,0.09530719469409343,0.061593461079477496,0.7346279673798737,0.6616506584093389,491.14027695647997
文化保持×文化接触×家庭支持×社会联结感,"('文化保持', '文化接触', '家庭支持', '社会联结感')",-0.25713418074352073,0.0957882471512233,0.053975687815534856,0.727010194115931,0.6519379974978121,494.05535363025945
社会保持×社会接触×沟通坦诚度×社会联结感,"('社会保持', '社会接触', '沟通坦诚度', '社会联结感')",-0.24049649411776564,0.09745616403766597,0.051593146940977164,0.7246276532413733,0.648900257882751,494.95039444629356
社会接触×家庭支持×社会联结感×来港时长,"('社会接触', '家庭支持', '社会联结感', '来港时长')",-0.7514763168721269,0.10580264612724162,0.0672496122408619,0.7402841185412581,0.6688622511401041,488.92119672873423
文化保持×家庭沟通频率×自主权×社会联结感,"('文化保持', '家庭沟通频率', '自主权', '社会联结感')",-0.2331262792904651,0.10597221267417539,0.07436810187224863,0.7474026081726448,0.6779383254201221,486.0586840389086
文化保持×家庭沟通频率×自主权×来港时长,"('文化保持', '家庭沟通频率', '自主权', '来港时长')",0.6780460313363146,0.10626667709443009,0.052582126439459476,0.7256166327398557,0.650161206743316,494.5798116742321
文化保持×文化接触×社会接触×来港时长,"('文化保持', '文化接触', '社会接触', '来港时长')",-0.5570077449891349,0.10936112282092068,0.07496309895282072,0.7479976052532169,0.6786969466978516,485.81577974392997
社会保持×社会接触×家庭支持×沟通坦诚度,"('社会保持', '社会接触', '家庭支持', '沟通坦诚度')",-0.25592381569499906,0.11001758952955541,0.04572673628993518,0.7187612425903314,0.6414205843026726,497.1216147733818
社会保持×社会接触×开放性×来港时长,"('社会保持', '社会接触', '开放性', '来港时长')",-0.9810589809850929,0.12251572245079646,0.07158518516898071,0.7446196914693769,0.6743901066234556,487.1872504619774
家庭支持×自主权×开放性×来港时长,"('家庭支持', '自主权', '开放性', '来港时长')",-0.48764144102378226,0.12280082028388428,0.07227755514680434,0.7453120614472005,0.6752728783451807,486.9076245416279
社会接触×家庭支持×家庭沟通频率×社会联结感,"('社会接触', '家庭支持', '家庭沟通频率', '社会联结感')",-0.2602289474647641,0.12328763623930142,0.05673766520544732,0.7297721715058435,0.6554595186699506,493.00794240987045
文化保持×家庭沟通频率×开放性×来港时长,"('文化保持', '家庭沟通频率', '开放性', '来港时长')",0.8382169701571456,0.12388720484714398,0.06415384426188075,0.7371883505622769,0.6649151469669031,490.1416791487665
社会保持×家庭支持×自主权×来港时长,"('社会保持', '家庭支持', '自主权', '来港时长')",0.6216173236518006,0.12437494544599059,0.05658155173852708,0.7296160580389233,0.6552604739996272,493.0674294148471
文化接触×社会接触×家庭支持×开放性,"('文化接触', '社会接触', '家庭支持', '开放性')",-0.3421009550753552,0.12656185788430682,0.06095241575251231,0.7339869220529085,0.6608333256174583,491.38878862681054
社会保持×家庭支持×沟通坦诚度×自主权,"('社会保持', '家庭支持', '沟通坦诚度', '自主权')",0.29595573867195735,0.1274543004503471,0.03783836229056292,0.7108728685909591,0.6313629074534729,499.97085365239917
自主权×社会联结感×开放性×来港时长,"('自主权', '社会联结感', '开放性', '来港时长')",-0.7731223052169321,0.13050538600225461,0.037626693232221675,0.7106611995326179,0.6310930294040877,500.0462320378175
社会接触×家庭沟通频率×沟通坦诚度×自主权,"('社会接触', '家庭沟通频率', '沟通坦诚度', '自主权')",-0.21414898443600225,0.13187554334000287,0.07228341307144648,0.7453179193718427,0.6752803471990994,486.9052554731101
社会保持×文化接触×家庭沟通频率×社会联结感,"('社会保持', '文化接触', '家庭沟通频率', '社会联结感')",-0.222398814312008,0.13305548101294604,0.05838403843741302,0.7314185447378092,0.6575586445407068,492.37849159764164
文化保持×社会保持×沟通坦诚度×社会联结感,"('文化保持', '社会保持', '沟通坦诚度', '社会联结感')",-0.2974890657051348,0.13781594047746887,0.03385210794161897,0.7068866142420152,0.6262804331585694,501.3812351052718
社会保持×文化接触×家庭支持×社会联结感,"('社会保持', '文化接触', '家庭支持', '社会联结感')",-0.23057663115642113,0.14026036725899785,0.05879365097644018,0.7318281572768364,0.6580809005279664,492.22128678914504
社会保持×社会接触×自主权×社会联结感,"('社会保持', '社会接触', '自主权', '社会联结感')",-0.23156405801097174,0.141608573317486,0.053025899987580005,0.7260604062879762,0.6507270180171696,494.4130899110022
文化保持×家庭支持×家庭沟通频率×沟通坦诚度,"('文化保持', '家庭支持', '家庭沟通频率', '沟通坦诚度')",-0.23555861052610763,0.14744515384249313,0.04559698680761848,0.7186314931080147,0.6412551537127187,497.1691228585544
文化保持×家庭支持×家庭沟通频率×自主权,"('文化保持', '家庭支持', '家庭沟通频率', '自主权')",0.23693569516231155,0.14897031222381207,0.06275170529632479,0.735786211596721,0.6631274197858192,490.6897386685787
文化保持×文化接触×自主权×来港时长,"('文化保持', '文化接触', '自主权', '来港时长')",-0.8278389878112422,0.1502539919046386,0.04623680777283967,0.7192713140732359,0.6420709254433757,496.93463818678595
文化保持×文化接触×社会接触×社会联结感,"('文化保持', '文化接触', '社会接触', '社会联结感')",-0.2895752978594722,0.15105900116171136,0.043069351839709724,0.7161038581401059,0.6380324191286351,498.09027771058203
社会接触×家庭沟通频率×沟通坦诚度×来港时长,"('社会接触', '家庭沟通频率', '沟通坦诚度', '来港时长')",-0.8091846392466309,0.15153612193256139,0.06476374091740611,0.7377982472178023,0.6656927652026979,489.90237331957553
社会接触×家庭支持×家庭沟通频率×沟通坦诚度,"('社会接触', '家庭支持', '家庭沟通频率', '沟通坦诚度')",-0.23277704650565237,0.15909101026639982,0.05351991029014069,0.7265544165905369,0.6513568811529346,494.22717667438184
社会保持×文化接触×社会接触×社会联结感,"('社会保持', '文化接触', '社会接触', '社会联结感')",-0.2950795982003257,0.160936195017682,0.035224117423013235,0.7082586237234094,0.6280297452473471,500.89797927838435
文化保持×社会保持×开放性×来港时长,"('文化保持', '社会保持', '开放性', '来港时长')",0.5956877008444784,0.16254298676148482,0.0499799265396097,0.7230144328400059,0.6468434018710075,495.55204120324703
家庭沟通频率×沟通坦诚度×自主权×来港时长,"('家庭沟通频率', '沟通坦诚度', '自主权', '来港时长')",0.3885154857297007,0.16472789815634062,0.048968789538650026,0.7220032958390462,0.645554202194784,495.9273585123462
文化保持×沟通坦诚度×自主权×开放性,"('文化保持', '沟通坦诚度', '自主权', '开放性')",-0.360762035826041,0.17115837479220253,0.06733825152268125,0.7403727578230774,0.6689752662244237,488.88603752203426
文化接触×家庭支持×家庭沟通频率×自主权,"('文化接触', '家庭支持', '家庭沟通频率', '自主权')",0.20851786494603658,0.17267753594171525,0.09384712304511167,0.7668816293455079,0.7027740774155226,477.7928793013334
社会保持×社会接触×家庭沟通频率×沟通坦诚度,"('社会保持', '社会接触', '家庭沟通频率', '沟通坦诚度')",-0.20764054613465366,0.17407773427667425,0.04768670414452547,0.7207212104449217,0.6439195433172751,496.4012893780279
社会保持×社会接触×家庭支持×开放性,"('社会保持', '社会接触', '家庭支持', '开放性')",0.3291002422369174,0.17976943077015603,0.05723950591827465,0.7302740122186708,0.6560993655788053,492.8164830415078
文化接触×家庭支持×开放性×来港时长,"('文化接触', '家庭支持', '开放性', '来港时长')",-0.5896449265520117,0.18293350878728773,0.06468428826490857,0.7377187945653048,0.6655914630707636,489.9335797606682
文化保持×社会接触×社会联结感×来港时长,"('文化保持', '社会接触', '社会联结感', '来港时长')",-0.5065525658688597,0.1898059216387729,0.0692062469276784,0.7422407532280746,0.6713569603657952,488.14228264306365
社会保持×家庭沟通频率×自主权×社会联结感,"('社会保持', '家庭沟通频率', '自主权', '社会联结感')",-0.17384009529435426,0.19277394249941018,0.059618429067852974,0.7326529353682492,0.6591324925945177,491.9040161590358
社会保持×社会接触×家庭沟通频率×社会联结感,"('社会保持', '社会接触', '家庭沟通频率', '社会联结感')",-0.2319046180010243,0.19357745020257086,0.02755667920192706,0.7005911855023232,0.6182537615154622,503.57002587516445
文化保持×社会接触×家庭支持×自主权,"('文化保持', '社会接触', '家庭支持', '自主权')",0.2415831983149529,0.19425325720903489,0.07401586046180109,0.7470503667621973,0.6774892176218015,486.20221518180256
家庭支持×沟通坦诚度×社会联结感×来港时长,"('家庭支持', '沟通坦诚度', '社会联结感', '来港时长')",0.4738578446713294,0.19637521101050595,0.06597645209956315,0.7390109583999593,0.6672389719599482,489.4248822138255
文化接触×社会接触×家庭支持×社会联结感,"('文化接触', '社会接触', '家庭支持', '社会联结感')",-0.24693657568839883,0.20039204839786767,0.06486967031191848,0.7379041766123147,0.6658278251807013,489.86075295633475
家庭支持×家庭沟通频率×自主权×来港时长,"('家庭支持', '家庭沟通频率', '自主权', '来港时长')",0.5109805322123848,0.20394371336538775,0.07854992267440752,0.7515844289748037,0.6832701469428748,484.3392173679455
文化保持×社会保持×社会接触×社会联结感,"('文化保持', '社会保持', '社会接触', '社会联结感')",-0.24931266188568013,0.210179711088905,0.046037535084904935,0.7190720413853011,0.6418168527662589,497.0077258566924
文化保持×沟通坦诚度×开放性×来港时长,"('文化保持', '沟通坦诚度', '开放性', '来港时长')",0.5155957581320755,0.21082064624710056,0.055967013715222835,0.729001520015619,0.6544769380199142,493.3012657605468
文化保持×文化接触×自主权×社会联结感,"('文化保持', '文化接触', '自主权', '社会联结感')",-0.19685944559889978,0.21093584218665629,0.06017455290770313,0.7332090592080993,0.6598415504903267,491.68953684612137
社会保持×沟通坦诚度×自主权×开放性,"('社会保持', '沟通坦诚度', '自主权', '开放性')",-0.34684622113355795,0.21283101075231892,0.06316777598225332,0.7362022822826495,0.6636579099103781,490.5274115638697
文化保持×社会保持×社会联结感×开放性,"('文化保持', '社会保持', '社会联结感', '开放性')",-0.33862176597499194,0.21305523750349412,0.03451837585779849,0.7075528821581947,0.6271299247516982,501.14684216189494
家庭支持×沟通坦诚度×自主权×社会联结感,"('家庭支持', '沟通坦诚度', '自主权', '社会联结感')",0.1823952702180282,0.2135698145829578,0.043685221767604476,0.7167197280680007,0.6388176532867009,497.86659200729093
社会保持×家庭支持×自主权×开放性,"('社会保持', '家庭支持', '自主权', '开放性')",-0.3454194275748107,0.2166736328356043,0.03908878883678779,0.712123295137184,0.6329572012999096,499.5244298063684
社会接触×家庭支持×沟通坦诚度×来港时长,"('社会接触', '家庭支持', '沟通坦诚度', '来港时长')",-0.6414555689718993,0.21796250602079129,0.06127464081049827,0.7343091471108945,0.6612441625663905,491.26394777794405
社会保持×家庭支持×家庭沟通频率×来港时长,"('社会保持', '家庭支持', '家庭沟通频率', '来港时长')",0.4729903621104905,0.2217739298125886,0.044488881824455984,0.7175233881248522,0.6398423198591865,497.5739679353559
文化保持×社会接触×沟通坦诚度×开放性,"('文化保持', '社会接触', '沟通坦诚度', '开放性')",0.31289631661673195,0.22222748902222447,0.045739285535360774,0.718773791835757,0.6414365845905902,497.1170186745733
文化保持×社会接触×沟通坦诚度×自主权,"('文化保持', '社会接触', '沟通坦诚度', '自主权')",-0.20049446767046863,0.22936734187622287,0.05519635442028403,0.7282308607206802,0.6534943474188672,493.59375911462416
文化保持×社会保持×文化接触×社会接触,"('文化保持', '社会保持', '文化接触', '社会接触')",-0.19281172250738068,0.23067981564943857,0.03416379529383984,0.707198301594236,0.6266778345326509,501.27164994122745
家庭沟通频率×沟通坦诚度×自主权×社会联结感,"('家庭沟通频率', '沟通坦诚度', '自主权', '社会联结感')",-0.1550167685406067,0.23251976985031014,0.0570461152782753,0.7300806215786715,0.6558527925128061,492.8903064745257
文化接触×社会接触×家庭沟通频率×社会联结感,"('文化接触', '社会接触', '家庭沟通频率', '社会联结感')",-0.18492966285363188,0.23261049161048758,0.0684102658128607,0.7414447721132569,0.6703420844444026,488.4598647516535
文化接触×沟通坦诚度×自主权×开放性,"('文化接触', '沟通坦诚度', '自主权', '开放性')",0.6473160604607994,0.23315991926762294,0.08549848146229722,0.7585329877626934,0.6921295593974341,481.4170903822858
社会保持×沟通坦诚度×开放性×来港时长,"('社会保持', '沟通坦诚度', '开放性', '来港时长')",0.42462762920677993,0.23329907528286606,0.02641770872668503,0.6994522150270812,0.6168015741595285,503.9611011629005
社会接触×家庭沟通频率×开放性×来港时长,"('社会接触', '家庭沟通频率', '开放性', '来港时长')",-0.7907985283961914,0.23397264229473996,0.06983203711502295,0.7428665434154191,0.6721548428546594,487.8919142823798
社会保持×文化接触×家庭沟通频率×沟通坦诚度,"('社会保持', '文化接触', '家庭沟通频率', '沟通坦诚度')",-0.17311929165490392,0.23623595465888192,0.04685591836302061,0.7198904246634168,0.6428602914458564,496.70723424131427
社会接触×家庭支持×沟通坦诚度×社会联结感,"('社会接触', '家庭支持', '沟通坦诚度', '社会联结感')",-0.19213683490506817,0.23679139297797794,0.07291980234969242,0.7459543086500886,0.6760917435288629,486.64756114832164
家庭支持×家庭沟通频率×沟通坦诚度×自主权,"('家庭支持', '家庭沟通频率', '沟通坦诚度', '自主权')",0.17641039786989585,0.23982726187869785,0.06462078372861013,0.7376552900290063,0.6655104947869831,489.9585154989861
文化保持×家庭支持×社会联结感×来港时长,"('文化保持', '家庭支持', '社会联结感', '来港时长')",-0.5210665406889365,0.24365736991902368,0.05765027940578438,0.7306847857061806,0.6566231017753803,492.6595018043016
社会接触×家庭支持×沟通坦诚度×开放性,"('社会接触', '家庭支持', '沟通坦诚度', '开放性')",0.3012489588167011,0.2438578904260761,0.05766180978466484,0.730696316085061,0.6566378030084528,492.65509189952917
文化接触×社会接触×家庭支持×沟通坦诚度,"('文化接触', '社会接触', '家庭支持', '沟通坦诚度')",-0.21415188981934674,0.2447832121019,0.06319933468026917,0.7362338409806654,0.6636981472503484,490.5150887114424
文化保持×社会接触×家庭支持×沟通坦诚度,"('文化保持', '社会接触', '家庭支持', '沟通坦诚度')",-0.18745578956467457,0.24500096719441836,0.053802803762709406,0.7268373100631056,0.6517175703304596,494.12056273640485
文化保持×社会保持×社会接触×家庭支持,"('文化保持', '社会保持', '社会接触', '家庭支持')",-0.23066570584947427,0.2498807438740589,0.04944353839107596,0.7224780446914721,0.646159506981627,495.75130990310214
家庭支持×自主权×社会联结感×来港时长,"('家庭支持', '自主权', '社会联结感', '来港时长')",-0.47531770431978126,0.25108756680779065,0.06031966912914499,0.7333541754295412,0.660026573672665,491.63349657238035
文化保持×社会保持×文化接触×家庭沟通频率,"('文化保持', '社会保持', '文化接触', '家庭沟通频率')",0.1915118940686465,0.2678876144522215,0.059499982640034865,0.732534488940431,0.6589814733990496,491.9496395524235
社会保持×家庭支持×沟通坦诚度×开放性,"('社会保持', '家庭支持', '沟通坦诚度', '开放性')",0.33895069777965386,0.2710137786376274,0.040683629842005686,0.7137181361424019,0.6349906235815623,498.9522218660294
社会保持×家庭支持×家庭沟通频率×沟通坦诚度,"('社会保持', '家庭支持', '家庭沟通频率', '沟通坦诚度')",-0.1680725595751675,0.27278690630709995,0.037887656679710835,0.710922162980107,0.6314257577996365,499.9532912917424
文化接触×家庭沟通频率×社会联结感×开放性,"('文化接触', '家庭沟通频率', '社会联结感', '开放性')",0.29522524915677295,0.274031626239331,0.06863692299917279,0.741671429299569,0.6706310723569504,488.36953229491826
文化接触×家庭沟通频率×沟通坦诚度×开放性,"('文化接触', '家庭沟通频率', '沟通坦诚度', '开放性')",0.34382876083980185,0.2795441007637865,0.0661482863650007,0.7391827926653969,0.6674580606483811,489.35704504240044
文化接触×家庭支持×沟通坦诚度×开放性,"('文化接触', '家庭支持', '沟通坦诚度', '开放性')",0.3380911995759771,0.28187740295713076,0.059492936921805684,0.7325274432222019,0.6589724901083074,491.9523527972691
社会保持×家庭沟通频率×开放性×来港时长,"('社会保持', '家庭沟通频率', '开放性', '来港时长')",0.5050448531938441,0.28223115096773504,0.037556413382338505,0.7105909196827347,0.6310034225954868,500.07124750591305
文化保持×文化接触×开放性×来港时长,"('文化保持', '文化接触', '开放性', '来港时长')",0.41300577329557653,0.28416220577261336,0.05221354901845776,0.725248055318854,0.6496912705315387,494.7180780695577
社会保持×文化接触×社会联结感×开放性,"('社会保持', '文化接触', '社会联结感', '开放性')",-0.41632925070519466,0.28653479669178883,0.03958391097801317,0.7126184172784094,0.633588482029972,499.3471265176029
文化保持×社会保持×沟通坦诚度×来港时长,"('文化保持', '社会保持', '沟通坦诚度', '来港时长')",-0.3401230733784797,0.2955630126148195,0.036132217243288633,0.7091667235436848,0.6291875725181981,500.57687242347714
文化接触×自主权×社会联结感×来港时长,"('文化接触', '自主权', '社会联结感', '来港时长')",0.7560623004051923,0.2973345079286938,0.052751879938675694,0.7257863862390719,0.6503776424548167,494.5160686658591
社会保持×社会接触×沟通坦诚度×自主权,"('社会保持', '社会接触', '沟通坦诚度', '自主权')",-0.16294516402313086,0.30061288616068593,0.061679520603824756,0.7347140269042209,0.6617603843028816,491.10686888201394
社会接触×家庭支持×自主权×社会联结感,"('社会接触', '家庭支持', '自主权', '社会联结感')",-0.16612214385323562,0.3057367646446481,0.04940924374536604,0.7224437500457622,0.6461157813083469,495.7640372935099
社会保持×文化接触×自主权×来港时长,"('社会保持', '文化接触', '自主权', '来港时长')",-0.7293463703450407,0.31237579914856584,0.05926376343780504,0.7322982697382012,0.6586802939162066,492.04056656563034
家庭支持×家庭沟通频率×自主权×开放性,"('家庭支持', '家庭沟通频率', '自主权', '开放性')",0.26077737833978215,0.3125683852302707,0.06867078114557701,0.7417052874459732,0.6706742414936158,488.3560315906424
文化保持×社会保持×家庭沟通频率×沟通坦诚度,"('文化保持', '社会保持', '家庭沟通频率', '沟通坦诚度')",-0.1596979907320677,0.315003958309061,0.04503668020147111,0.7180711865018673,0.6405407627898808,497.3740292104137
社会保持×文化接触×社会接触×沟通坦诚度,"('社会保持', '文化接触', '社会接触', '沟通坦诚度')",-0.17939904242688465,0.31860043761272755,0.06125298836756232,0.7342874946679585,0.6612165557016472,491.27234140809
社会保持×家庭支持×沟通坦诚度×社会联结感,"('社会保持', '家庭支持', '沟通坦诚度', '社会联结感')",-0.13846880882320312,0.3207781541362774,0.03904256580639842,0.7120770721067946,0.6328982669361631,499.54096671215814
文化保持×文化接触×社会接触×沟通坦诚度,"('文化保持', '文化接触', '社会接触', '沟通坦诚度')",-0.18329079527389003,0.32657253914165857,0.0541998720846244,0.7272343783850206,0.6522238324409013,493.97073337784775
家庭支持×家庭沟通频率×沟通坦诚度×社会联结感,"('家庭支持', '家庭沟通频率', '沟通坦诚度', '社会联结感')",-0.12322589546752766,0.3284540975723954,0.047547167646443955,0.7205816739468401,0.6437416342822212,496.45273857724413
文化保持×社会接触×家庭支持×来港时长,"('文化保持', '社会接触', '家庭支持', '来港时长')",-0.2985380045267359,0.330318188807642,0.05236013549901353,0.7253946417994097,0.6498781682942474,494.6631105364919
文化接触×家庭沟通频率×社会联结感×来港时长,"('文化接触', '家庭沟通频率', '社会联结感', '来港时长')",0.4838617205938457,0.3322716203526964,0.06767104715693062,0.7407055534573268,0.6693995806580917,488.75392527553447
家庭支持×家庭沟通频率×沟通坦诚度×来港时长,"('家庭支持', '家庭沟通频率', '沟通坦诚度', '来港时长')",0.2733412519641618,0.33654045428864504,0.057337116552772294,0.7303716228531685,0.6562238191377898,492.7792018174489
文化保持×社会接触×自主权×来港时长,"('文化保持', '社会接触', '自主权', '来港时长')",-0.47087970466232487,0.3411015463511161,0.06980665033409372,0.7428411566344899,0.6721224747089747,487.90208296831224
文化保持×社会接触×家庭支持×家庭沟通频率,"('文化保持', '社会接触', '家庭支持', '家庭沟通频率')",-0.15882323567917833,0.3431991190290425,0.07242963696073401,0.7454641432611302,0.675466782657941,486.84610177915954
文化保持×沟通坦诚度×社会联结感×来港时长,"('文化保持', '沟通坦诚度', '社会联结感', '来港时长')",0.41769635354199763,0.3435868636838369,0.04153786299757023,0.7145723692979664,0.6360797708549072,498.64442190350167
文化保持×家庭沟通频率×社会联结感×开放性,"('文化保持', '家庭沟通频率', '社会联结感', '开放性')",0.2622518843218218,0.34429319949045556,0.04749405017053432,0.7205285564709305,0.6436739095004365,496.47231703558396
文化接触×社会接触×沟通坦诚度×自主权,"('文化接触', '社会接触', '沟通坦诚度', '自主权')",-0.15115983001156014,0.3452122720226115,0.09850474169550305,0.7715392479958992,0.7087125411947716,475.7141414177393
家庭支持×沟通坦诚度×自主权×来港时长,"('家庭支持', '沟通坦诚度', '自主权', '来港时长')",0.3308274240263159,0.34613241622730334,0.05204564767022701,0.7250801539706232,0.6494771963125445,494.7810023079774
社会保持×家庭沟通频率×沟通坦诚度×自主权,"('社会保持', '家庭沟通频率', '沟通坦诚度', '自主权')",-0.13711346066267416,0.34817577314946146,0.03652907104302483,0.709563577343421,0.6296935611128618,500.4362287677477
社会保持×文化接触×家庭沟通频率×自主权,"('社会保持', '文化接触', '家庭沟通频率', '自主权')",0.14631346737822915,0.355939316703989,0.0717815942829606,0.7448161005833568,0.67464052824378,487.1080042499517
社会保持×家庭支持×沟通坦诚度×来港时长,"('社会保持', '家庭支持', '沟通坦诚度', '来港时长')",0.2749609940893556,0.3567378766354497,0.03540509190014696,0.7084395982005431,0.6282604877056925,500.8340659750361
文化接触×社会接触×社会联结感×开放性,"('文化接触', '社会接触', '社会联结感', '开放性')",0.19950428247396695,0.35798443587833884,0.049516413792849434,0.7225509200932456,0.6462524231188882,495.7242592429793
社会保持×文化接触×家庭沟通频率×开放性,"('社会保持', '文化接触', '家庭沟通频率', '开放性')",0.3339767095947406,0.3622118673037215,0.06819925617125144,0.7412337624716476,0.6700730471513507,488.5438898530424
社会保持×文化接触×社会接触×来港时长,"('社会保持', '文化接触', '社会接触', '来港时长')",-0.37373463574223603,0.36531987518133974,0.06063558683326464,0.7336700931336608,0.6604293687454176,491.51139147297
文化保持×文化接触×家庭沟通频率×来港时长,"('文化保持', '文化接触', '家庭沟通频率', '来港时长')",0.3899965438521601,0.365469853974211,0.0715218531594981,0.7445563594598943,0.6743093583113653,487.212790364803
社会保持×文化接触×家庭支持×自主权,"('社会保持', '文化接触', '家庭支持', '自主权')",0.13770207108822224,0.3688811216620869,0.05761992623533563,0.7306544325357318,0.6565844014830581,492.6711097648787
社会保持×文化接触×社会接触×自主权,"('社会保持', '文化接触', '社会接触', '自主权')",-0.1792280197172995,0.3745040326684405,0.08382342003226395,0.7568579263326601,0.6899938560741417,482.1291365218434
文化保持×文化接触×社会接触×开放性,"('文化保持', '文化接触', '社会接触', '开放性')",-0.1626242328636741,0.37870748365171253,0.0426709319003582,0.7157054382007544,0.6375244337059618,498.23472660851303
文化接触×家庭支持×沟通坦诚度×社会联结感,"('文化接触', '家庭支持', '沟通坦诚度', '社会联结感')",0.12409230025321091,0.3793804321982466,0.06517890537239035,0.7382134116727865,0.6662220998828028,489.7391561467622
社会保持×社会接触×沟通坦诚度×开放性,"('社会保持', '社会接触', '沟通坦诚度', '开放性')",0.2635417297640698,0.3802694398857729,0.0620159611559834,0.7350504674563796,0.662189346006884,490.9761594853239
文化保持×社会保持×自主权×开放性,"('文化保持', '社会保持', '自主权', '开放性')",-0.20414273703679775,0.38794757793239415,0.03494376250059372,0.7079782688009899,0.6276722927212621,500.9969117352646
文化保持×社会保持×家庭支持×沟通坦诚度,"('文化保持', '社会保持', '家庭支持', '沟通坦诚度')",-0.1663957200044125,0.3972336069660527,0.027839991450635315,0.7008744977510315,0.6186149846325653,503.47251713429574
家庭支持×沟通坦诚度×自主权×开放性,"('家庭支持', '沟通坦诚度', '自主权', '开放性')",-0.21616247730628102,0.397641509862207,0.05895280990131213,0.7319873162017083,0.6582838281571781,492.16013855031156
文化接触×社会接触×社会联结感×来港时长,"('文化接触', '社会接触', '社会联结感', '来港时长')",0.5075553538918255,0.39879791264034503,0.060357663139637086,0.7333921694400333,0.6600750160360425,491.6188191930519
社会保持×家庭沟通频率×社会联结感×开放性,"('社会保持', '家庭沟通频率', '社会联结感', '开放性')",0.18626808345099816,0.40176950796644667,0.05447947150035859,0.7275139778007548,0.6525803216959624,493.86509869459064
社会保持×文化接触×社会接触×家庭支持,"('社会保持', '文化接触', '社会接触', '家庭支持')",-0.15637574907924784,0.40408527329115845,0.06750262739527502,0.7405371336956712,0.6691848454619809,488.8208052428348
文化接触×家庭沟通频率×沟通坦诚度×自主权,"('文化接触', '家庭沟通频率', '沟通坦诚度', '自主权')",-0.12284568887682548,0.40915974302399427,0.06195464616344659,0.7349891524638428,0.6621111693913996,490.9999931321279
文化保持×社会保持×家庭支持×来港时长,"('文化保持', '社会保持', '家庭支持', '来港时长')",-0.22189694959098571,0.4110897868866563,0.04843175387495369,0.7214662601753499,0.6448694817235712,496.12614257214966
文化接触×社会接触×自主权×社会联结感,"('文化接触', '社会接触', '自主权', '社会联结感')",-0.13802055296313911,0.4111524938169725,0.047663964302997686,0.7206984706033939,0.6438905500193273,496.40967565158314
社会保持×文化接触×家庭支持×来港时长,"('社会保持', '文化接触', '家庭支持', '来港时长')",-0.28170357932423995,0.414873134612183,0.0533230977532384,0.7263576040536346,0.651105945168384,494.3012842875643
文化保持×自主权×开放性×来港时长,"('文化保持', '自主权', '开放性', '来港时长')",-0.3847265693688011,0.4197810145329921,0.049615586165552505,0.7226500924659487,0.6463788678940846,495.68743598003744
社会接触×沟通坦诚度×开放性×来港时长,"('社会接触', '沟通坦诚度', '开放性', '来港时长')",-0.46312387921274945,0.4213554265419423,0.07664517890852895,0.7496796852089251,0.6808415986413796,485.1259646918613
文化接触×社会接触×沟通坦诚度×来港时长,"('文化接触', '社会接触', '沟通坦诚度', '来港时长')",-0.3466719540002025,0.4216646941180973,0.0735257408025678,0.746560247102964,0.6768643150562791,486.40159669352767
文化保持×家庭支持×沟通坦诚度×自主权,"('文化保持', '家庭支持', '沟通坦诚度', '自主权')",0.13989453207788935,0.4238713061364689,0.027878207029557234,0.7009127133299534,0.6186637094956906,503.45935725303866
文化保持×文化接触×家庭支持×自主权,"('文化保持', '文化接触', '家庭支持', '自主权')",0.12299301974983295,0.433548455414133,0.06067278926007713,0.7337072955604733,0.6604768018396034,491.49700286127165
文化保持×社会联结感×开放性×来港时长,"('文化保持', '社会联结感', '开放性', '来港时长')",-0.43564378591916064,0.4349067385501933,0.03775683736263713,0.7107913436630333,0.6312589631703676,499.99989237976104
社会接触×家庭沟通频率×社会联结感×开放性,"('社会接触', '家庭沟通频率', '社会联结感', '开放性')",-0.17033012612276233,0.43511686910649433,0.07819804200505964,0.7512325483054558,0.6828214990894562,484.48501363748085
文化保持×社会接触×沟通坦诚度×来港时长,"('文化保持', '社会接触', '沟通坦诚度', '来港时长')",-0.6919412445083095,0.438092032990802,0.054895812286818835,0.727930318587215,0.6531111561986992,493.70760109029936
文化接触×社会接触×家庭支持×自主权,"('文化接触', '社会接触', '家庭支持', '自主权')",-0.15751041193217405,0.4407103857236701,0.06251810540564051,0.7355526117060367,0.6628295799251969,490.78076404122567
文化保持×文化接触×家庭支持×来港时长,"('文化保持', '文化接触', '家庭支持', '来港时长')",-0.28749133923026127,0.4446240540501782,0.056551163674602556,0.7295856699749987,0.6552217292181235,493.0790047868468
沟通坦诚度×自主权×社会联结感×来港时长,"('沟通坦诚度', '自主权', '社会联结感', '来港时长')",0.30541750750199503,0.4466937196043416,0.0724179611849195,0.7454524674853157,0.6754518960437775,486.85082636823273
文化保持×社会保持×文化接触×开放性,"('文化保持', '社会保持', '文化接触', '开放性')",-0.14428213408102547,0.44761087045854153,0.041069520223768086,0.7141040265241643,0.6354826338183095,498.81329053120874
社会保持×社会接触×家庭支持×自主权,"('社会保持', '社会接触', '家庭支持', '自主权')",0.11975075183094089,0.45528918201978863,0.07822935846220314,0.7512638647625993,0.6828614275723142,484.47204651453035
社会保持×文化接触×自主权×社会联结感,"('社会保持', '文化接触', '自主权', '社会联结感')",-0.1131070908898329,0.46340513834381747,0.060682564800940586,0.7337170711013368,0.6604892656542044,491.49322168674536
文化接触×自主权×开放性×来港时长,"('文化接触', '自主权', '开放性', '来港时长')",-0.5502470365683798,0.4638750701349111,0.04731726744982345,0.7203517737502196,0.64344851153153,496.53745021484485
文化保持×家庭支持×家庭沟通频率×来港时长,"('文化保持', '家庭支持', '家庭沟通频率', '来港时长')",0.34198081840641925,0.46606335175965535,0.06129468341757116,0.7343291897179673,0.6612697168904084,491.2561775955143
家庭支持×家庭沟通频率×开放性×来港时长,"('家庭支持', '家庭沟通频率', '开放性', '来港时长')",0.39446965791540245,0.4707978953795826,0.07854636719537966,0.7515808734957758,0.6832656137071142,484.3406915578187
文化保持×社会保持×家庭支持×家庭沟通频率,"('文化保持', '社会保持', '家庭支持', '家庭沟通频率')",-0.1585158799611942,0.4737932326761166,0.029330228004935677,0.7023647343053319,0.6205150362392982,502.958090944084
家庭沟通频率×沟通坦诚度×社会联结感×来港时长,"('家庭沟通频率', '沟通坦诚度', '社会联结感', '来港时长')",0.2163672530217998,0.4758826955049794,0.04577959020963551,0.7188140965100317,0.6414879730502905,497.10225590054563
文化保持×社会保持×自主权×社会联结感,"('文化保持', '社会保持', '自主权', '社会联结感')",-0.12774825004788548,0.4812758937481507,0.07193952458359765,0.7449740308839938,0.6748418893770922,487.0442390329756
文化接触×社会接触×自主权×开放性,"('文化接触', '社会接触', '自主权', '开放性')",0.2277904149155564,0.48236536225043974,0.033289815304863746,0.7063243216052599,0.6255635100467065,501.57863537344684
社会保持×家庭支持×开放性×来港时长,"('社会保持', '家庭支持', '开放性', '来港时长')",-0.3323730502946025,0.48391177892913645,0.04605841222154061,0.7190929185219368,0.6418434711154695,497.0000711362815
文化保持×自主权×社会联结感×开放性,"('文化保持', '自主权', '社会联结感', '开放性')",0.2345592089198547,0.4853377490340971,0.04311767446014758,0.7161521807605438,0.6380940304696934,498.0727443495667
文化保持×文化接触×家庭沟通频率×社会联结感,"('文化保持', '文化接触', '家庭沟通频率', '社会联结感')",-0.1279744041929288,0.48579657521841246,0.04330905708952981,0.716343563389926,0.6383380433221557,498.0032738165426
文化接触×家庭支持×家庭沟通频率×来港时长,"('文化接触', '家庭支持', '家庭沟通频率', '来港时长')",0.3050896790322114,0.48619450716670803,0.06404520852498918,0.7370797148253854,0.6647766364023664,490.1842463976719
家庭沟通频率×沟通坦诚度×自主权×开放性,"('家庭沟通频率', '沟通坦诚度', '自主权', '开放性')",0.16187301171222257,0.48701329359358475,0.050742807586370064,0.7237773138867662,0.647816075205627,495.26796446664514
家庭沟通频率×沟通坦诚度×开放性×来港时长,"('家庭沟通频率', '沟通坦诚度', '开放性', '来港时长')",0.26101808165119317,0.49001539763627794,0.023980940760303326,0.6970154470606995,0.6136946950023918,504.7928327822533
社会保持×社会接触×家庭沟通频率×开放性,"('社会保持', '社会接触', '家庭沟通频率', '开放性')",0.19861593617685458,0.49178021250962445,0.07109039542340856,0.7441249017238047,0.6737592496978511,487.38661601988287
文化保持×家庭支持×社会联结感×开放性,"('文化保持', '家庭支持', '社会联结感', '开放性')",0.2010039598960761,0.4919783383305822,0.035177770485215865,0.708212276785612,0.6279706529016553,500.914340877514
文化保持×社会保持×家庭沟通频率×自主权,"('文化保持', '社会保持', '家庭沟通频率', '自主权')",0.11882721283504491,0.49393202365138156,0.032469813714835705,0.7055043200152319,0.6245180080194207,501.86583133187105
文化保持×社会保持×文化接触×社会联结感,"('文化保持', '社会保持', '文化接触', '社会联结感')",-0.12226416140462515,0.5028252824212639,0.024142879823587315,0.6971773861239835,0.613901167308079,504.73776666607245
文化保持×社会保持×家庭沟通频率×开放性,"('文化保持', '社会保持', '家庭沟通频率', '开放性')",0.1758044296261831,0.5037909743140084,0.05204912325081945,0.7250836295512156,0.6494816276777999,494.7797001572995
文化接触×自主权×社会联结感×开放性,"('文化接触', '自主权', '社会联结感', '开放性')",-0.23793375461064414,0.5096871503238027,0.04311957480131001,0.7161540811017062,0.6380964534046754,498.07205476951117
社会保持×文化接触×家庭沟通频率×来港时长,"('社会保持', '文化接触', '家庭沟通频率', '来港时长')",0.25453839973432035,0.5105277398146522,0.08618837939335755,0.7592228856937537,0.6930091792595361,481.12238680181633
文化接触×家庭支持×自主权×社会联结感,"('文化接触', '家庭支持', '自主权', '社会联结感')",-0.10171657479178742,0.5140377608153701,0.03370717845524118,0.7067416847556374,0.6260956480634376,501.43215071861187
文化保持×文化接触×社会联结感×来港时长,"('文化保持', '文化接触', '社会联结感', '来港时长')",0.5380146578665448,0.5174290357449728,0.03114817797913605,0.7041826842795322,0.6228329224564036,502.3270399084007
文化保持×社会接触×家庭沟通频率×社会联结感,"('文化保持', '社会接触', '家庭沟通频率', '社会联结感')",-0.14489482785323946,0.5254464221707703,0.03651405386449713,0.7095485601648933,0.6296744142102391,500.4415543029795
社会保持×文化接触×沟通坦诚度×自主权,"('社会保持', '文化接触', '沟通坦诚度', '自主权')",0.09745254899724645,0.5360731383382017,0.054008317388708704,0.7270428236891049,0.6519796002036087,494.04304164337964
文化接触×家庭支持×社会联结感×来港时长,"('文化接触', '家庭支持', '社会联结感', '来港时长')",0.4349723770642528,0.5377955970739103,0.06371046580178241,0.7367449721021786,0.6643498394302778,490.3152996960124
社会接触×家庭支持×社会联结感×开放性,"('社会接触', '家庭支持', '社会联结感', '开放性')",-0.17289895190701954,0.5389806957699016,0.05581544181288334,0.7288499481132795,0.6542836838444315,493.3588584881111
文化接触×家庭支持×社会联结感×开放性,"('文化接触', '家庭支持', '社会联结感', '开放性')",-0.18729141706843988,0.5391092075854621,0.04348894367468392,0.7165234499750801,0.6385673987182272,497.9379335195439
社会接触×家庭支持×家庭沟通频率×自主权,"('社会接触', '家庭支持', '家庭沟通频率', '自主权')",0.09281914588265539,0.5444041579189655,0.10387499651546328,0.7769095028158595,0.7155596160902209,473.26408805878737
家庭支持×家庭沟通频率×沟通坦诚度×开放性,"('家庭支持', '家庭沟通频率', '沟通坦诚度', '开放性')",0.17118482132605783,0.5467832526371533,0.06738742393087449,0.7404219302312707,0.6690379610448701,488.8665278677895
社会保持×家庭支持×社会联结感×来港时长,"('社会保持', '家庭支持', '社会联结感', '来港时长')",-0.19766705428495893,0.5478213232869772,0.06233539059220128,0.7353698968925975,0.6625966185380618,490.85190532709873
社会保持×沟通坦诚度×社会联结感×开放性,"('社会保持', '沟通坦诚度', '社会联结感', '开放性')",0.11609651322473181,0.5492138213503045,0.05762173272940274,0.7306562390297989,0.6565867047629936,492.6704189441066
社会保持×家庭沟通频率×自主权×开放性,"('社会保持', '家庭沟通频率', '自主权', '开放性')",-0.17421959722438288,0.5535681956077633,0.0486443387269051,0.7216788450273013,0.6451405274098092,496.0475000352184
文化保持×家庭支持×沟通坦诚度×来港时长,"('文化保持', '家庭支持', '沟通坦诚度', '来港时长')",0.21447414183610714,0.5772472941691612,0.04957718037669667,0.7226116866770929,0.6463299005132934,495.7016978286347
社会保持×家庭沟通频率×沟通坦诚度×来港时长,"('社会保持', '家庭沟通频率', '沟通坦诚度', '来港时长')",0.13089437949445967,0.579507636974006,0.02654144233375244,0.6995759486341486,0.6169593345085396,503.9186879883142
文化保持×社会接触×家庭支持×开放性,"('文化保持', '社会接触', '家庭支持', '开放性')",0.1271859419207121,0.5830795398180767,0.05694254750294281,0.729977053803339,0.6557207435992572,492.9298198836574
社会保持×文化接触×家庭支持×家庭沟通频率,"('社会保持', '文化接触', '家庭支持', '家庭沟通频率')",-0.0874926362225637,0.5904864232964502,0.051064078296188864,0.724098584596585,0.648225695360646,495.1480968979042
文化接触×沟通坦诚度×社会联结感×开放性,"('文化接触', '沟通坦诚度', '社会联结感', '开放性')",0.13534311764717366,0.5953617242423583,0.07715102971004295,0.7501855360104391,0.6814865584133099,484.91761025408437
社会保持×家庭支持×家庭沟通频率×开放性,"('社会保持', '家庭支持', '家庭沟通频率', '开放性')",0.14381998292989345,0.5983718839690844,0.04880910388248405,0.7218436101828802,0.6453506029831724,495.98650633770285
文化接触×社会接触×沟通坦诚度×社会联结感,"('文化接触', '社会接触', '沟通坦诚度', '社会联结感')",-0.0772102869567691,0.6056416644528775,0.055181932572114345,0.7282164388725105,0.653475959562451,493.5992248233244
文化保持×家庭沟通频率×自主权×开放性,"('文化保持', '家庭沟通频率', '自主权', '开放性')",-0.1726438322511562,0.6103939883346494,0.041700126470589516,0.7147346327709857,0.6362866567830068,498.58585052368124
文化保持×家庭沟通频率×社会联结感×来港时长,"('文化保持', '家庭沟通频率', '社会联结感', '来港时长')",0.2314785839514646,0.6107835822321137,0.033976255091478946,0.7070107613918751,0.6264387207746408,501.3376005740645
社会保持×文化接触×社会接触×开放性,"('社会保持', '文化接触', '社会接触', '开放性')",-0.16455047098679432,0.6139252977395387,0.03295222855670277,0.705986734857099,0.6251330869428011,501.69696817268516
社会保持×社会接触×社会联结感×来港时长,"('社会保持', '社会接触', '社会联结感', '来港时长')",-0.24927634031352175,0.6162512719742735,0.0472104403895085,0.7202449466899047,0.6433123070296285,496.57678923107244
文化保持×社会接触×家庭沟通频率×沟通坦诚度,"('文化保持', '社会接触', '家庭沟通频率', '沟通坦诚度')",-0.07138854286092516,0.6201168866355278,0.06924976531189286,0.742284271612289,0.6714124463056685,488.12489132903
家庭支持×沟通坦诚度×社会联结感×开放性,"('家庭支持', '沟通坦诚度', '社会联结感', '开放性')",0.10761594588758665,0.6209079546815675,0.058828601777930256,0.7318631080783264,0.6581254627998663,492.20786193765184
家庭沟通频率×自主权×社会联结感×来港时长,"('家庭沟通频率', '自主权', '社会联结感', '来港时长')",-0.18506147069394596,0.6222564867470944,0.06498078963612897,0.7380152959365252,0.6659695023190696,489.81707535350205
文化接触×家庭支持×家庭沟通频率×社会联结感,"('文化接触', '家庭支持', '家庭沟通频率', '社会联结感')",-0.07272914658469659,0.6231159122515796,0.06377014546821991,0.7368046517686161,0.6644259310049856,490.29194704608335
社会接触×沟通坦诚度×社会联结感×开放性,"('社会接触', '沟通坦诚度', '社会联结感', '开放性')",0.10124232113698499,0.6237464123480851,0.09455012446809707,0.7675846307684933,0.703670404229829,477.4817989417196
文化保持×文化接触×沟通坦诚度×来港时长,"('文化保持', '文化接触', '沟通坦诚度', '来港时长')",0.17144711374420607,0.6240053906060921,0.0652983228141264,0.7383328291145226,0.6663743571210163,489.6921606041924
家庭支持×家庭沟通频率×社会联结感×来港时长,"('家庭支持', '家庭沟通频率', '社会联结感', '来港时长')",0.21010319740369715,0.6311637293219495,0.05064297601841994,0.7236774823188161,0.6476887899564906,495.30518368976084
社会保持×社会接触×家庭沟通频率×自主权,"('社会保持', '社会接触', '家庭沟通频率', '自主权')",0.07421127096243896,0.6410589072514821,0.06344268547599874,0.7364771917763949,0.6640084195149035,490.42001699442625
社会保持×社会接触×家庭沟通频率×来港时长,"('社会保持', '社会接触', '家庭沟通频率', '来港时长')",0.2402330349483771,0.6468712884034178,0.06073426329017928,0.7337687695905755,0.6605551812279837,491.4732224273257
社会保持×社会接触×家庭支持×来港时长,"('社会保持', '社会接触', '家庭支持', '来港时长')",-0.1099894884198232,0.6469255276256507,0.05263852550011572,0.7256730318005119,0.6502331155456527,494.5586380134036
文化保持×文化接触×沟通坦诚度×开放性,"('文化保持', '文化接触', '沟通坦诚度', '开放性')",-0.13093491872901286,0.6511671757821771,0.04380960714741988,0.7168441134478161,0.6389762446459655,497.821355861487
文化保持×社会保持×沟通坦诚度×自主权,"('文化保持', '社会保持', '沟通坦诚度', '自主权')",0.08862927531082487,0.6513799582772025,0.027990845575810996,0.7010253518762072,0.6188073236421642,503.4205593636351
家庭支持×家庭沟通频率×自主权×社会联结感,"('家庭支持', '家庭沟通频率', '自主权', '社会联结感')",-0.06538456632560849,0.6519579211234434,0.07923478369490589,0.7522692899953021,0.6841433447440102,484.05486280312795
家庭沟通频率×自主权×社会联结感×开放性,"('家庭沟通频率', '自主权', '社会联结感', '开放性')",0.13047888078639044,0.6528968367154178,0.05996585170633861,0.7330003580067348,0.659575456458587,491.7700786373374
文化保持×社会保持×文化接触×家庭支持,"('文化保持', '社会保持', '文化接触', '家庭支持')",-0.08265532608499743,0.6536795872178774,0.03138691696567664,0.7044214232660728,0.6231373146642429,502.2438803286228
文化保持×社会保持×社会接触×家庭沟通频率,"('文化保持', '社会保持', '社会接触', '家庭沟通频率')",0.08834946905317081,0.6540766678610318,0.03583795733699535,0.7088724636373915,0.6288123911376742,500.6810332956993
社会保持×家庭支持×自主权×社会联结感,"('社会保持', '家庭支持', '自主权', '社会联结感')",0.0786124439145729,0.6662499304759021,0.06043888051391755,0.7334733868143137,0.66017856818825,491.5874372791135
文化保持×社会保持×社会接触×开放性,"('文化保持', '社会保持', '社会接触', '开放性')",0.08203754908705085,0.6733634403892444,0.043559922527392825,0.716594428827789,0.638657896755431,497.91214042572824
社会保持×文化接触×自主权×开放性,"('社会保持', '文化接触', '自主权', '开放性')",-0.19321676366794777,0.674044699955231,0.05304816707881099,0.7260826733792072,0.6507554085584892,494.40471724904273
社会保持×自主权×社会联结感×开放性,"('社会保持', '自主权', '社会联结感', '开放性')",-0.13431185738874585,0.6748259723560066,0.03840176302006504,0.7114362693204612,0.6320812433835881,499.76994933714934
社会接触×家庭沟通频率×自主权×来港时长,"('社会接触', '家庭沟通频率', '自主权', '来港时长')",-0.16556484344371908,0.6803013414333473,0.07125503663815036,0.7442895429385465,0.6739691672466468,487.3203199897197
文化保持×文化接触×家庭支持×家庭沟通频率,"('文化保持', '文化接触', '家庭支持', '家庭沟通频率')",-0.07146238188661475,0.6820250979644843,0.060142078149171274,0.7331765844495675,0.6598001451731985,491.7020736157684
文化保持×文化接触×家庭沟通频率×自主权,"('文化保持', '文化接触', '家庭沟通频率', '自主权')",0.07387102776153107,0.6841025079623437,0.059445368341908944,0.7324798746423051,0.6589118401689391,491.97066917394443
文化保持×家庭支持×沟通坦诚度×开放性,"('文化保持', '家庭支持', '沟通坦诚度', '开放性')",-0.1152920603271154,0.6861896978496506,0.03254701026823914,0.7055815165686353,0.6246164336250101,501.83882826235754
文化保持×沟通坦诚度×自主权×社会联结感,"('文化保持', '沟通坦诚度', '自主权', '社会联结感')",-0.06290038343335336,0.6871138005952823,0.05921094461939558,0.7322454509197918,0.6586129499227344,492.0608869485401
家庭沟通频率×社会联结感×开放性×来港时长,"('家庭沟通频率', '社会联结感', '开放性', '来港时长')",0.22988680266399167,0.6874323049428481,0.039595703407300675,0.7126302097076969,0.6336035173773136,499.3428999240746
文化保持×家庭支持×自主权×社会联结感,"('文化保持', '家庭支持', '自主权', '社会联结感')",0.06273982163212062,0.6886192933954421,0.06879007586960095,0.7418245821699971,0.6708263422667464,488.3084495289892
家庭支持×自主权×社会联结感×开放性,"('家庭支持', '自主权', '社会联结感', '开放性')",0.11777251404226025,0.6968538251420818,0.03312702577306603,0.7061615320734622,0.6253559533936643,501.63571424485525
文化接触×社会接触×家庭沟通频率×自主权,"('文化接触', '社会接触', '家庭沟通频率', '自主权')",0.06634156021204918,0.6978046494764953,0.08134709516330751,0.7543816014637037,0.6868365418662222,483.1728528553188
文化保持×文化接触×社会接触×家庭沟通频率,"('文化保持', '文化接触', '社会接触', '家庭沟通频率')",0.08070566757304587,0.6994177942342928,0.055778197731014334,0.7288127040314105,0.6542361976400484,493.37300518279744
社会保持×家庭沟通频率×社会联结感×来港时长,"('社会保持', '家庭沟通频率', '社会联结感', '来港时长')",0.13732997551339543,0.7080350421096815,0.03616715750775823,0.7092016638081544,0.6292321213553969,500.56449741783285
社会接触×家庭沟通频率×沟通坦诚度×社会联结感,"('社会接触', '家庭沟通频率', '沟通坦诚度', '社会联结感')",-0.0594577423627039,0.7090369447498307,0.028582532422833706,0.7016170387232299,0.6195617243721181,503.2165148709728
文化保持×社会保持×家庭沟通频率×来港时长,"('文化保持', '社会保持', '家庭沟通频率', '来港时长')",-0.1355908173166811,0.7131556656976901,0.034547712056683055,0.7075822183570792,0.6271673284052761,501.13650942183716
文化接触×沟通坦诚度×自主权×来港时长,"('文化接触', '沟通坦诚度', '自主权', '来港时长')",-0.13902551057298906,0.7151165284200637,0.08175296341573646,0.7547874697161326,0.6873540238880691,483.00251135043936
文化保持×社会接触×社会联结感×开放性,"('文化保持', '社会接触', '社会联结感', '开放性')",0.08912113667555688,0.7182894332964275,0.04434385135210106,0.7173783576524972,0.639657406006934,497.62683710941155
文化保持×社会保持×社会接触×来港时长,"('文化保持', '社会保持', '社会接触', '来港时长')",-0.13419446315711675,0.7202138422221825,0.07702849040128001,0.7500629967016762,0.6813303207946372,484.9681215577291
文化接触×家庭支持×自主权×开放性,"('文化接触', '家庭支持', '自主权', '开放性')",0.12266084217402207,0.7252599482290885,0.04253165955248839,0.7155661658528846,0.6373468614624278,498.28517266402775
文化保持×社会保持×文化接触×沟通坦诚度,"('文化保持', '社会保持', '文化接触', '沟通坦诚度')",0.06796971149887696,0.7325042474454384,0.04845607442229083,0.721490580722687,0.6449004904214259,496.11714859623817
文化保持×家庭支持×开放性×来港时长,"('文化保持', '家庭支持', '开放性', '来港时长')",0.21332514270743497,0.7327168597703694,0.05055257056232376,0.72358707686272,0.647573522999968,495.3388770677253
文化保持×社会保持×家庭支持×开放性,"('文化保持', '社会保持', '家庭支持', '开放性')",-0.1095562971733478,0.7362254262104451,0.029356078873703506,0.7023905851740997,0.6205479960969771,502.94914457439137
社会保持×家庭支持×社会联结感×开放性,"('社会保持', '家庭支持', '社会联结感', '开放性')",0.09129624512562975,0.7369883720297078,0.030307756557410137,0.7033422628578063,0.6217613851437032,502.6192495603625
社会保持×文化接触×沟通坦诚度×来港时长,"('社会保持', '文化接触', '沟通坦诚度', '来港时长')",0.11089935038160287,0.7373751154994205,0.07275826367625593,0.7457927699766521,0.6758857817202315,486.71303439293877
家庭沟通频率×自主权×开放性×来港时长,"('家庭沟通频率', '自主权', '开放性', '来港时长')",0.17047319085603646,0.738041238048081,0.05551000148306717,0.7285445077834634,0.6538942474239158,493.47481881190777
文化接触×家庭支持×沟通坦诚度×来港时长,"('文化接触', '家庭支持', '沟通坦诚度', '来港时长')",-0.11835039327610891,0.7424512120012298,0.07048151780693335,0.7435160241073295,0.6729829307368451,487.631422551792
社会保持×家庭沟通频率×沟通坦诚度×开放性,"('社会保持', '家庭沟通频率', '沟通坦诚度', '开放性')",0.08438900509132335,0.7459390081796131,0.03267838729397865,0.7057128935943748,0.6247839393328279,501.79285678150393
文化接触×家庭支持×家庭沟通频率×沟通坦诚度,"('文化接触', '家庭支持', '家庭沟通频率', '沟通坦诚度')",-0.044254880862637805,0.7490851830850678,0.05817423376366371,0.7312087400640599,0.6572911435816764,492.4589195087842
社会保持×沟通坦诚度×社会联结感×来港时长,"('社会保持', '沟通坦诚度', '社会联结感', '来港时长')",0.10717478541774333,0.7499880304982932,0.0452294044824505,0.7182639107828467,0.6407864862481296,497.3035951577743
文化接触×沟通坦诚度×开放性×来港时长,"('文化接触', '沟通坦诚度', '开放性', '来港时长')",-0.1306473139907195,0.7602475035828121,0.05752357999043989,0.7305580862908361,0.656461560020816,492.707946787552
文化保持×文化接触×沟通坦诚度×自主权,"('文化保持', '文化接触', '沟通坦诚度', '自主权')",0.05439903257025336,0.7608542050737458,0.03967797202628187,0.7127124783266781,0.6337084098665146,499.31340872075566
社会保持×文化接触×家庭支持×开放性,"('社会保持', '文化接触', '家庭支持', '开放性')",-0.09909374013433223,0.7632993587319868,0.03384651465869082,0.706881020959087,0.6262733017228359,501.38320056530506
文化接触×家庭沟通频率×自主权×社会联结感,"('文化接触', '家庭沟通频率', '自主权', '社会联结感')",-0.044726439012896246,0.7642871383159758,0.07359790031464053,0.7466324066150367,0.6769563184341718,486.37226629866166
文化保持×家庭沟通频率×沟通坦诚度×开放性,"('文化保持', '家庭沟通频率', '沟通坦诚度', '开放性')",-0.0732756799053304,0.7644030285787982,0.04603142517866732,0.7190659314790635,0.641809062635806,497.0099659808229
社会保持×沟通坦诚度×自主权×社会联结感,"('社会保持', '沟通坦诚度', '自主权', '社会联结感')",0.04610004651214267,0.7692842819020485,0.05344982605415005,0.7264843323545462,0.6512675237520464,494.2535722420116
文化接触×社会接触×家庭沟通频率×沟通坦诚度,"('文化接触', '社会接触', '家庭沟通频率', '沟通坦诚度')",-0.04419033385833501,0.7737112495293829,0.05065988736665483,0.723694393667051,0.6477103519254901,495.29887974396786
文化接触×沟通坦诚度×自主权×社会联结感,"('文化接触', '沟通坦诚度', '自主权', '社会联结感')",0.04610422225122693,0.7749704008888548,0.04796006026336741,0.7209945665637636,0.6442680723687986,496.30042432997084
文化接触×家庭沟通频率×沟通坦诚度×来港时长,"('文化接触', '家庭沟通频率', '沟通坦诚度', '来港时长')",0.087101309489145,0.7753132313830688,0.05985380559322373,0.7328883118936199,0.6594325976643653,491.8132934098755
社会接触×家庭支持×家庭沟通频率×来港时长,"('社会接触', '家庭支持', '家庭沟通频率', '来港时长')",-0.1672650084270113,0.7772622581792925,0.05026981949071907,0.7233043257911153,0.6472130153836719,495.444185005631
社会接触×沟通坦诚度×自主权×来港时长,"('社会接触', '沟通坦诚度', '自主权', '来港时长')",0.12214637183203786,0.7809203747371161,0.07400361877440709,0.7470381250748033,0.6774736094703742,486.20719982350965
文化保持×文化接触×家庭沟通频率×开放性,"('文化保持', '文化接触', '家庭沟通频率', '开放性')",-0.13768818378083486,0.784993421965966,0.05522000499965296,0.7282545113000491,0.6535245019075626,493.5847951988393
沟通坦诚度×社会联结感×开放性×来港时长,"('沟通坦诚度', '社会联结感', '开放性', '来港时长')",0.13793864439253442,0.7866900258881725,0.053871785021890606,0.7269062913222868,0.6518055214359157,494.09454905582754
家庭支持×家庭沟通频率×社会联结感×开放性,"('家庭支持', '家庭沟通频率', '社会联结感', '开放性')",-0.06305904019690056,0.7914263750746399,0.0565166120468662,0.7295511183472624,0.6551776758927595,493.092164556581
社会保持×文化接触×开放性×来港时长,"('社会保持', '文化接触', '开放性', '来港时长')",0.13895349922766198,0.7952175589700332,0.04380075423569374,0.7168352605360899,0.6389649571835148,497.82457612176347
文化接触×社会联结感×开放性×来港时长,"('文化接触', '社会联结感', '开放性', '来港时长')",0.1688826359941411,0.7975409020666372,0.046008559698521356,0.7190430659989175,0.6417799091486198,497.0183489036523
文化保持×社会保持×文化接触×来港时长,"('文化保持', '社会保持', '文化接触', '来港时长')",0.10156673275185601,0.8061130500732793,0.040068705482026123,0.7131032117824223,0.6342065950225885,499.17322532855655
社会保持×社会联结感×开放性×来港时长,"('社会保持', '社会联结感', '开放性', '来港时长')",0.1427828935371902,0.8070333807733682,0.027716624562848402,0.7007511308632446,0.6184576918506368,503.5149881699207
文化接触×社会接触×开放性×来港时长,"('文化接触', '社会接触', '开放性', '来港时长')",-0.09424991776962566,0.8106995905846569,0.08066986006688792,0.7537043663672841,0.6859730671182873,483.4564603738724
社会保持×社会接触×沟通坦诚度×来港时长,"('社会保持', '社会接触', '沟通坦诚度', '来港时长')",0.12458817278372014,0.812381947107256,0.048075794711086806,0.721110301011483,0.6444156337896408,496.25768996075595
文化保持×文化接触×家庭支持×开放性,"('文化保持', '文化接触', '家庭支持', '开放性')",-0.05247851028107753,0.8146019014273161,0.04120099768750163,0.7142355039878978,0.6356502675845697,498.7659121318751
文化保持×家庭沟通频率×沟通坦诚度×来港时长,"('文化保持', '家庭沟通频率', '沟通坦诚度', '来港时长')",0.06696319178170873,0.8185766071400695,0.03692064207365764,0.7099551483740538,0.6301928141769186,500.29726882516394
文化接触×社会接触×家庭沟通频率×开放性,"('文化接触', '社会接触', '家庭沟通频率', '开放性')",0.04633931104152118,0.833411165482204,0.06807221670186281,0.741106723002259,0.6699110718278802,488.59444457189727
文化保持×文化接触×社会联结感×开放性,"('文化保持', '文化接触', '社会联结感', '开放性')",-0.04421660450371889,0.8347810344171733,0.03534486769573997,0.7083793739961362,0.6281837018450735,500.85533927708207
文化接触×家庭沟通频率×沟通坦诚度×社会联结感,"('文化接触', '家庭沟通频率', '沟通坦诚度', '社会联结感')",0.025806384630102236,0.8403294453499345,0.05771929830083722,0.7307538046012334,0.6567111008665727,492.6331020433778
文化接触×家庭沟通频率×自主权×来港时长,"('文化接触', '家庭沟通频率', '自主权', '来港时长')",-0.09531728202426737,0.8426968240202427,0.0688216261487653,0.7418561324491615,0.6708665688726809,488.29586166388333
文化接触×社会接触×家庭支持×来港时长,"('文化接触', '社会接触', '家庭支持', '来港时长')",0.0728305088217954,0.8622191560952386,0.068864908750077,0.7418994150504732,0.6709217541893533,488.2785903579197
文化保持×社会接触×开放性×来港时长,"('文化保持', '社会接触', '开放性', '来港时长')",-0.09085250489342467,0.8650951168905614,0.07538652944280799,0.7484210357432042,0.6792368205725854,485.6425670148752
文化保持×文化接触×家庭支持×沟通坦诚度,"('文化保持', '文化接触', '家庭支持', '沟通坦诚度')",-0.025238762604374715,0.8686730641526513,0.04556480735320234,0.7185993136535985,0.6412141249083381,497.18090205275433
文化保持×社会接触×家庭沟通频率×来港时长,"('文化保持', '社会接触', '家庭沟通频率', '来港时长')",-0.14430994383664697,0.8698592015053125,0.06284775218956384,0.73588225848996,0.663249879574699,490.65228934158415
社会保持×自主权×社会联结感×来港时长,"('社会保持', '自主权', '社会联结感', '来港时长')",-0.08135992587938179,0.8699640116658786,0.04030129090735257,0.7133357972077488,0.6345031414398796,499.0896900097421
文化接触×社会接触×自主权×来港时长,"('文化接触', '社会接触', '自主权', '来港时长')",-0.10453204809311423,0.8723051341085083,0.09548672347048415,0.7685212297708803,0.7048645679578724,477.06588582654547
沟通坦诚度×自主权×社会联结感×开放性,"('沟通坦诚度', '自主权', '社会联结感', '开放性')",-0.047947079649469426,0.8757379454507271,0.06015852052243931,0.7331930268228355,0.6598211091991153,491.6957262844211
家庭支持×沟通坦诚度×开放性×来港时长,"('家庭支持', '沟通坦诚度', '开放性', '来港时长')",-0.052128586957053996,0.8807551400116603,0.07054499103353185,0.743579497333928,0.6730638591007583,487.60592953059086
社会保持×文化接触×社会接触×家庭沟通频率,"('社会保持', '文化接触', '社会接触', '家庭沟通频率')",0.028793467933582326,0.8842384486350827,0.05764092552084599,0.7306754318212422,0.6566111755720838,492.6630791492364
社会接触×家庭支持×沟通坦诚度×自主权,"('社会接触', '家庭支持', '沟通坦诚度', '自主权')",0.019944423655172974,0.8867480628347169,0.0719893443816989,0.7450238506820951,0.6749054096196713,487.02411582550144
沟通坦诚度×自主权×开放性×来港时长,"('沟通坦诚度', '自主权', '开放性', '来港时长')",0.06213624801482631,0.889670103761485,0.06436308685428194,0.7373975931546781,0.6651819312722147,490.0596410384459
文化保持×社会保持×社会接触×自主权,"('文化保持', '社会保持', '社会接触', '自主权')",-0.02175876851358527,0.8920719603215926,0.04924815111312575,0.7222826574135219,0.6459103882022406,495.82380077518513
社会保持×文化接触×家庭支持×沟通坦诚度,"('社会保持', '文化接触', '家庭支持', '沟通坦诚度')",0.021832694383472295,0.8926865247981817,0.040120867476128086,0.7131553737765243,0.6342731015650684,499.1544967331577
文化保持×家庭支持×家庭沟通频率×开放性,"('文化保持', '家庭支持', '家庭沟通频率', '开放性')",-0.04257977908155067,0.892765196498265,0.05295452205201179,0.725989028352408,0.6506360111493201,494.4399241835439
文化保持×家庭沟通频率×沟通坦诚度×自主权,"('文化保持', '家庭沟通频率', '沟通坦诚度', '自主权')",0.021819149379211034,0.8930242876624325,0.043179453362084175,0.7162139596624804,0.6381727985696625,498.0503241686094
文化保持×社会保持×沟通坦诚度×开放性,"('文化保持', '社会保持', '沟通坦诚度', '开放性')",-0.03775104736617729,0.8931352695473542,0.039903955413060244,0.7129384617134564,0.633996538684657,499.23235595454776
社会保持×文化接触×沟通坦诚度×社会联结感,"('社会保持', '文化接触', '沟通坦诚度', '社会联结感')",0.01662570543664943,0.8963344868037458,0.06201352801607962,0.7350480343164758,0.6621862437535067,490.9771053721007
社会接触×家庭沟通频率×沟通坦诚度×开放性,"('社会接触', '家庭沟通频率', '沟通坦诚度', '开放性')",0.031156105941369472,0.9008848908866013,0.058075123568431364,0.7311096298688275,0.6571647780827552,492.4968912364896
文化接触×家庭沟通频率×自主权×开放性,"('文化接触', '家庭沟通频率', '自主权', '开放性')",-0.039754776269252945,0.9012322083136453,0.07396436550678187,0.746998871807178,0.6774235615541521,486.2231815713789
文化保持×文化接触×自主权×开放性,"('文化保持', '文化接触', '自主权', '开放性')",0.031273814950219705,0.905345829107486,0.04736202385438126,0.7203965301547774,0.6435055759473413,496.5209642221818
社会保持×自主权×开放性×来港时长,"('社会保持', '自主权', '开放性', '来港时长')",-0.05845381936360433,0.9085300927884428,0.038306666650684607,0.7113411729510808,0.631959995512628,499.8038874637996
文化保持×文化接触×家庭沟通频率×沟通坦诚度,"('文化保持', '文化接触', '家庭沟通频率', '沟通坦诚度')",-0.01646086195702129,0.9091525762589865,0.04685448103530088,0.7198889873356971,0.6428584588530137,496.7077627643936
社会保持×文化接触×沟通坦诚度×开放性,"('社会保持', '文化接触', '沟通坦诚度', '开放性')",0.04260606178129901,0.9112439589768044,0.05958169820892789,0.7326162045093241,0.6590856607493882,491.91816637462034
文化接触×家庭支持×家庭沟通频率×开放性,"('文化接触', '家庭支持', '家庭沟通频率', '开放性')",0.038869390747134136,0.917963858992419,0.07461693291309834,0.7476514392134945,0.6782555849972056,485.95716981090266
文化接触×家庭沟通频率×开放性×来港时长,"('文化接触', '家庭沟通频率', '开放性', '来港时长')",-0.04116878986093653,0.9415630735056427,0.050316875243564874,0.7233513815439611,0.6472730114685503,495.42666700600927
文化保持×社会保持×文化接触×自主权,"('文化保持', '社会保持', '文化接触', '自主权')",0.014102287372462441,0.9419603128832194,0.04066266023378484,0.713697166534181,0.6349638873310808,498.95976614605576
文化保持×社会保持×社会联结感×来港时长,"('文化保持', '社会保持', '社会联结感', '来港时长')",-0.030324674687404185,0.9427911707602668,0.04441839408783965,0.7174529003882358,0.6397524479950008,497.59966681050594
社会保持×社会接触×社会联结感×开放性,"('社会保持', '社会接触', '社会联结感', '开放性')",-0.022120246665021326,0.9438575166914355,0.030846596072998222,0.7038811023733944,0.6224484055260779,502.43199357847357
文化保持×沟通坦诚度×社会联结感×开放性,"('文化保持', '沟通坦诚度', '社会联结感', '开放性')",0.015088135776497535,0.9449938735377654,0.04699758884723748,0.7200320951476337,0.6430409213132329,496.6551269500851
文化保持×文化接触×沟通坦诚度×社会联结感,"('文化保持', '文化接触', '沟通坦诚度', '社会联结感')",0.009073296959685617,0.9493818662042106,0.04923995935296688,0.7222744656533631,0.6458999437080379,495.82683889604857
文化保持×社会接触×家庭沟通频率×自主权,"('文化保持', '社会接触', '家庭沟通频率', '自主权')",-0.008606839203853592,0.9610198644230322,0.06006942466273535,0.7331039309631315,0.6597075119779927,491.7301157216508
文化保持×文化接触×社会接触×家庭支持,"('文化保持', '文化接触', '社会接触', '家庭支持')",0.008578343805839106,0.96835965556507,0.07151391901960624,0.7445484253200024,0.6742992422830032,487.2159895194812
文化接触×社会接触×家庭沟通频率×来港时长,"('文化接触', '社会接触', '家庭沟通频率', '来港时长')",-0.018790223996186795,0.9684859996234076,0.06633502799816116,0.7393695342985573,0.6676961562306607,489.2832720061691
文化接触×沟通坦诚度×社会联结感×来港时长,"('文化接触', '沟通坦诚度', '社会联结感', '来港时长')",0.013604141480363624,0.9713213644461852,0.06919270762949692,0.7422272139298931,0.6713396977606138,488.1476927732755
家庭沟通频率×沟通坦诚度×社会联结感×开放性,"('家庭沟通频率', '沟通坦诚度', '社会联结感', '开放性')",0.005622204933648303,0.9782645407277957,0.0595554297088865,0.7325899360092827,0.6590521684118354,491.9282848733968
文化接触×社会接触×沟通坦诚度×开放性,"('文化接触', '社会接触', '沟通坦诚度', '开放性')",0.005777282018107184,0.9803083686234098,0.06054207955094082,0.733576585851337,0.6603101469604546,491.5475479821773
文化接触×社会接触×家庭支持×家庭沟通频率,"('文化接触', '社会接触', '家庭支持', '家庭沟通频率')",-0.00268418104193921,0.9869448689936693,0.07922922514160358,0.7522637314419998,0.6841362575885497,484.05717387940524
